document_id,matter_id,title,filename,relative_path,document_type,date,author_source,confidentiality,practice_area
DOC-2025-0142-01,HC-2025-0142,Client Intake Memorandum,01_client_intake_memo.pdf,documents/matters/HC-2025-0142/01_client_intake_memo.pdf,client_intake,2025-03-12,Daniel Brooks,client-confidential,Employment Law
DOC-2025-0142-02,HC-2025-0142,Employment Agreement - James Carter,02_employment_agreement.pdf,documents/matters/HC-2025-0142/02_employment_agreement.pdf,employment_agreement,2023-03-02,Northstar Analytics Inc.,confidential,Employment Law
DOC-2025-0142-03,HC-2025-0142,Resignation Email - James Carter,03_resignation_email.pdf,documents/matters/HC-2025-0142/03_resignation_email.pdf,correspondence,2025-03-10,James Carter,confidential,Employment Law
DOC-2025-0142-04,HC-2025-0142,Restrictive Covenant - Preliminary Legal Analysis,04_internal_research_memo.pdf,documents/matters/HC-2025-0142/04_internal_research_memo.pdf,legal_research_memo,2025-03-28,Daniel Brooks,client-confidential,Employment Law
DOC-2025-0142-05,HC-2025-0142,Demand Letter to James Carter,05_demand_letter.pdf,documents/matters/HC-2025-0142/05_demand_letter.pdf,demand_letter,2025-04-01,Sarah Hamilton,external,Employment Law
DOC-2025-0142-06,HC-2025-0142,Motion for Preliminary Injunction,06_motion_preliminary_injunction.pdf,documents/matters/HC-2025-0142/06_motion_preliminary_injunction.pdf,court_filing,2025-04-11,Sarah Hamilton,client-confidential,Employment Law
DOC-2025-0142-07,HC-2025-0142,Carter Opposition to Preliminary Injunction,07_carter_opposition.pdf,documents/matters/HC-2025-0142/07_carter_opposition.pdf,court_filing,2025-04-25,Counsel for James Carter,external,Employment Law
DOC-2025-0142-08,HC-2025-0142,Preliminary Injunction Hearing Notes,08_hearing_notes.pdf,documents/matters/HC-2025-0142/08_hearing_notes.pdf,hearing_notes,2025-05-02,Daniel Brooks,client-confidential,Employment Law
DOC-2025-0142-09,HC-2025-0142,Settlement Agreement and Mutual Release,09_settlement_agreement.pdf,documents/matters/HC-2025-0142/09_settlement_agreement.pdf,settlement_agreement,2025-09-18,Hamilton & Cole LLP,confidential,Employment Law
DOC-2025-0142-10,HC-2025-0142,Matter Closing Memorandum,10_closing_memo.pdf,documents/matters/HC-2025-0142/10_closing_memo.pdf,closing_memo,2025-09-19,Daniel Brooks,client-confidential,Employment Law
DOC-2025-0198-01,HC-2025-0198,Client Intake Memorandum - Lopez Claim,01_client_intake_memo.pdf,documents/matters/HC-2025-0198/01_client_intake_memo.pdf,client_intake,2025-05-06,Priya Shah,client-confidential,Employment Law
DOC-2025-0198-02,HC-2025-0198,Meridian Employee Handbook - Compliance and Retaliation,02_employee_handbook_excerpt.pdf,documents/matters/HC-2025-0198/02_employee_handbook_excerpt.pdf,policy,2024-07-01,Meridian Health Systems,confidential,Employment Law
DOC-2025-0198-03,HC-2025-0198,Maria Lopez Performance Reviews,03_performance_reviews.pdf,documents/matters/HC-2025-0198/03_performance_reviews.pdf,performance_review,2025-03-01,Meridian Health Systems,confidential,Employment Law
DOC-2025-0198-04,HC-2025-0198,Email to Compliance - Duplicate Billing Concern,04_hr_complaint_email.pdf,documents/matters/HC-2025-0198/04_hr_complaint_email.pdf,correspondence,2025-02-14,Maria Lopez,confidential,Employment Law
DOC-2025-0198-05,HC-2025-0198,Internal Investigation Notes,05_internal_investigation_notes.pdf,documents/matters/HC-2025-0198/05_internal_investigation_notes.pdf,investigation_notes,2025-03-05,Meridian Compliance,confidential,Employment Law
DOC-2025-0198-06,HC-2025-0198,Termination Letter - Maria Lopez,06_termination_letter.pdf,documents/matters/HC-2025-0198/06_termination_letter.pdf,termination_letter,2025-04-28,Meridian Human Resources,confidential,Employment Law
DOC-2025-0198-07,HC-2025-0198,Witness Interview Summaries,07_witness_interview_summaries.pdf,documents/matters/HC-2025-0198/07_witness_interview_summaries.pdf,witness_interviews,2025-06-02,Priya Shah,client-confidential,Employment Law
DOC-2025-0198-08,HC-2025-0198,Retaliation Claim Risk Assessment,08_legal_risk_memo.pdf,documents/matters/HC-2025-0198/08_legal_risk_memo.pdf,legal_risk_memo,2025-06-10,Priya Shah,client-confidential,Employment Law
DOC-2025-0198-09,HC-2025-0198,Confidential Settlement Agreement - Lopez,09_settlement_agreement.pdf,documents/matters/HC-2025-0198/09_settlement_agreement.pdf,settlement_agreement,2025-11-20,Michael Cole,confidential,Employment Law
DOC-2025-0198-10,HC-2025-0198,Matter Closing Memorandum - Lopez,10_closing_memo.pdf,documents/matters/HC-2025-0198/10_closing_memo.pdf,closing_memo,2025-11-21,Priya Shah,client-confidential,Employment Law
DOC-2026-0027-01,HC-2026-0027,Client Intake Memorandum - Patel Departure,01_client_intake_memo.pdf,documents/matters/HC-2026-0027/01_client_intake_memo.pdf,client_intake,2026-01-09,Elena Park,client-confidential,Employment Law
DOC-2026-0027-02,HC-2026-0027,Employee Confidentiality and Invention Assignment Agreement,02_confidentiality_agreement.pdf,documents/matters/HC-2026-0027/02_confidentiality_agreement.pdf,confidentiality_agreement,2022-08-15,Arcadia Robotics Inc.,confidential,Employment Law
DOC-2026-0027-03,HC-2026-0027,Security Access Log Summary,03_access_logs.pdf,documents/matters/HC-2026-0027/03_access_logs.pdf,forensic_log,2026-01-12,Arcadia Information Security,confidential,Employment Law
DOC-2026-0027-04,HC-2026-0027,Forensic Examination Summary,04_forensic_summary.pdf,documents/matters/HC-2026-0027/04_forensic_summary.pdf,forensic_report,2026-01-20,Digital Evidence Group,client-confidential,Employment Law
DOC-2026-0027-05,HC-2026-0027,Interview Notes - Arcadia CEO,05_ceo_interview_notes.pdf,documents/matters/HC-2026-0027/05_ceo_interview_notes.pdf,witness_interview,2026-01-22,Elena Park,client-confidential,Employment Law
DOC-2026-0027-06,HC-2026-0027,Cease and Desist Letter to Rahul Patel,06_cease_and_desist.pdf,documents/matters/HC-2026-0027/06_cease_and_desist.pdf,demand_letter,2026-01-23,Sarah Hamilton,external,Employment Law
DOC-2026-0027-07,HC-2026-0027,Stipulated Temporary Injunction Order,07_injunction_order.pdf,documents/matters/HC-2026-0027/07_injunction_order.pdf,court_order,2026-02-06,Franklin Superior Court,public,Employment Law
DOC-2026-0027-08,HC-2026-0027,Neutral Examiner Report,08_neutral_examiner_report.pdf,documents/matters/HC-2026-0027/08_neutral_examiner_report.pdf,forensic_report,2026-03-02,Franklin Digital Forensics,client-confidential,Employment Law
DOC-2026-0027-09,HC-2026-0027,Settlement Agreement - Arcadia / Patel,09_settlement_agreement.pdf,documents/matters/HC-2026-0027/09_settlement_agreement.pdf,settlement_agreement,2026-05-29,Sarah Hamilton,confidential,Employment Law
DOC-2026-0027-10,HC-2026-0027,Matter Closing Memorandum - Patel,10_closing_memo.pdf,documents/matters/HC-2026-0027/10_closing_memo.pdf,closing_memo,2026-05-30,Elena Park,client-confidential,Employment Law
POL-CONFLICT,FIRM,Conflict Check and Matter Opening Policy,conflict_check_policy.pdf,documents/firm_policies/conflict_check_policy.pdf,firm_policy,2026-01-15,Risk Committee,internal,Firm Administration
POL-DOCUMENT,FIRM,Document Retention Policy,document_retention_policy.pdf,documents/firm_policies/document_retention_policy.pdf,firm_policy,2026-02-01,Records Committee,internal,Firm Administration
POL-CLIENTCO,FIRM,Client Confidentiality and Access Control Policy,client_confidentiality_policy.pdf,documents/firm_policies/client_confidentiality_policy.pdf,firm_policy,2026-02-10,General Counsel,internal,Firm Administration
POL-LEGALRES,FIRM,Legal Research and Citation Guidelines,legal_research_guidelines.pdf,documents/firm_policies/legal_research_guidelines.pdf,firm_policy,2026-03-01,Knowledge Management,internal,Firm Administration
POL-MATTERNA,FIRM,Matter Naming and Metadata Standard,matter_naming_policy.pdf,documents/firm_policies/matter_naming_policy.pdf,firm_policy,2026-01-20,Records Committee,internal,Firm Administration
POL-REMOTEWO,FIRM,Remote Work and Secure Access Policy,remote_work_policy.pdf,documents/firm_policies/remote_work_policy.pdf,firm_policy,2026-02-18,Information Security,internal,Firm Administration
